,Unnamed: 0,city,company_name,description,duty,employment,experience,max_salary,min_salary,name,published_date,requirements,schedule,skills,terms
86,86,,QIWI,"Команда Information Security QIWI хорошо известна в профессиональном сообществе. Именитые спикеры, участники CTF и организаторы различных хакерских соревнований. Наши ребята умеют предотвращать все возможные атаки и делают это первоклассно. Учиться у них полезно, круто и просто приятно! ",,Полная занятость,От 3 до 6 лет,,,ведущий эксперт (инфраструктурная безопасность),2020-10-12T13:05:37+0300,"Чем ты будешь заниматься: Работа в Security Operation Center группы компаний QIWI;Администрирование и поддержание средств обеспечения информационной безопасности (NGFW, VM, EDR);Управление инцидентами ИБ;Настройка систем лог-менеджмента (IBM qRadar), обработка событий информационной безопасности;Участие во внутренних проектах;Контроль обеспечения соответствия требованиям стандарта PCI DSS. ",Полный день,"[{'name': 'Информационная безопасность'}, {'name': 'Информационные технологии'}, {'name': 'Python'}, {'name': 'SIEM'}, {'name': 'IBM'}, {'name': 'Unix'}]",
87,87,,«Газпромбанк» (Акционерное общество),,"Обязанности: Анализ проектов с ИТ составляющей в качестве аналитика/эксперта по ИБФормирование требований по информационной безопасностиУчастие в проектах с ИТ составляющей в качестве эксперта по ИБ и технического эксперта по защите информацииРазработка и согласование реализации требований по информационной безопасностиЭкспертиза проектов с ИТ составляющей в части применимости сервисов по ИБ.Выявление и анализ рисков информационной безопасности автоматизированных систем, бизнес-процессов.Экспертиза бизнес-инициатив в части анализа автоматизируемых процессов на предмет рисков ИБ, соответствия требованиям законодательства и регуляторовОценка рисков и обоснование необходимости их минимизации, разработка контрольных процедурАнализ проектной документации и технических решений АС с целью выявления и оценки рисков ИБУчастие в совершенствование бизнес-процессов и процессов производства программного обеспечения ",Полная занятость,От 1 года до 3 лет,,,руководитель проекта (информационная безопасность),2020-09-24T16:47:04+0300,"Обязанности: Анализ проектов с ИТ составляющей в качестве аналитика/эксперта по ИБФормирование требований по информационной безопасностиУчастие в проектах с ИТ составляющей в качестве эксперта по ИБ и технического эксперта по защите информацииРазработка и согласование реализации требований по информационной безопасностиЭкспертиза проектов с ИТ составляющей в части применимости сервисов по ИБ.Выявление и анализ рисков информационной безопасности автоматизированных систем, бизнес-процессов.Экспертиза бизнес-инициатив в части анализа автоматизируемых процессов на предмет рисков ИБ, соответствия требованиям законодательства и регуляторовОценка рисков и обоснование необходимости их минимизации, разработка контрольных процедурАнализ проектной документации и технических решений АС с целью выявления и оценки рисков ИБУчастие в совершенствование бизнес-процессов и процессов производства программного обеспечения ",Полный день,"[{'name': 'Информационная безопасность'}, {'name': 'Средства криптографической защиты информации'}, {'name': 'Информационные технологии'}, {'name': 'Технические средства информационной защиты'}, {'name': 'MS SQL'}]",Условия: Полное соблюдение ТК РФ;Конкурентный уровень заработной платы;ДМС со стоматологией с первого дня работы;Отпуск 33 дня (28 дней + 5 дополнительно к основному отпуску) + ежегодная стимулирующая выплата к отпуску;Современный офис в шаговой доступности от станции метро Добрынинская/Октябрьская/Серпуховская
168,168,Москва,Альфа-Банк,,,Полная занятость,От 3 до 6 лет,,,старший эксперт / методолог (информационная безопасность),2020-10-12T14:29:58+0300,"Чем предстоит заниматься:  Совершенствовать систему управления информационной безопасностью Банка (СУИБ), обеспечивающую снижение рисков ИБ информационных ресурсов до уровня, адекватного бизнес-целям Банка;  Разрабатывать организационно-распорядительные документы, регламентирующие деятельность по защите информации Банка;  Выстраивать методологическую основу для предъявления требований по обеспечению информационной безопасности информационных систем Банка в соответствии с законодательством РФ;  Разрабатывать, внедрять, поддерживать и совершенствовать СУИБ Банка: разрабатывать план корректирующий действия по устранению выявленных несоответствий;  Проводить оценку рисков информационной безопасности и операционных рисков в рамках процесса проектного управления;  Организовывать и участвовать в процессе разработки и поддержании в актуальном состоянии модели рисков информационной безопасности Банка;  Проводить аттестацию объектов информатизации на соответствие требованиям по безопасности информации;  Контролировать эффективность мероприятий, проводимых по обеспечению информационной безопасности Банка;  Проводить периодические аудиты соответствия Банка требованиям Положения Банка России от 09.06.2012 №382-П;  Внедрять и развивать Систему метрик ИБ:  Организовывать и участвовать в процессе разработки и поддержании в актуальном состоянии модели показателей эффективности системы информационной безопасности Банка.  ",Полный день,[],"Что мы предлагаем:  Стабильный и прозрачный доход: размер заработной платы обсуждается по итогам собеседования;  Пятидневная рабочая неделя: с 9.00 до 18.00 и в пятницу у нас сокращенный рабочий день;  Среда для твоего неизбежного развития: тебя ждут сложные и интересные задачи с использованием большого массива данных, у нас регулярно проходят тренинги, вебинары, у тебя будет доступ к бесплатным корпоративным библиотекам Альпины, МИФа и бизнес - изданий, скидки на курсы иностранных языков;  Карьерный рост: ты будешь понимать, что нужно сделать для перехода на другой уровень;  Чувство локтя: у нас дружелюбная атмосфера и команда лучших профессионалов, которые готовы делиться с тобой экспертизой;  Забота о твоем здоровье: программа ДМС, куда входит стоматология и обслуживание в лучших клиниках города, скидки на абонементы в фитнес-клубы, неформальные спортивные сообщества;  Возможности для разнообразного досуга: скидки на услуги туристических агентств, продукты питания, в рестораны и бары, в магазины и салоны красоты;  Предложения от банка только для сотрудников: ипотека на льготных условиях, льготные условия обслуживания на карты Cash Back и другие;  Удобное рабочее место: наш современный офис находится в банковском кластере на метро Комсомольская в 5 минутах ходьбы. "
476,476,,СТЭП ЛОДЖИК (Step Logic),,"Обязанности: Анализ и систематизация потребностей Заказчиков и клиентского рынка в целом.Анализ стратегии производителей оборудования и ПО, а также стратегии основных конкурентов компании в области ИБ. Управление портфелем продуктов и решений по ИБ совместно с профильным департаментом. Координация разработки методологических материалов, поддерживающих спрос на продукты и решения ИБ (описания use case, триггеры продаж, шаблоны технико-экономических обоснований и др.).Определение и корректировка стратегии продаж и путей продвижения новых и существующих продуктов и решений ИБ по аккаунт-листу компании и его подкатегориям.Участие в подготовке нестандартных предложений для ключевых клиентов Компании.Поиск перспективных заказчиков, партнеров, производителей, участие в заключении и сопровождении договоров с ними.Участие в формировании воронки продаж коммерческого подразделения по направлению ИБ.Подготовка материалов для участия, а также выступление в рамках профильных маркетинговых мероприятий компании, участие в написании статей и других маркетинговых материалов.Подготовка плана развития компетенций и экспертиз в области ИБ совместно с профильным департаментом. ",Полная занятость,От 3 до 6 лет,,,менеджер по развитию бизнеса / bdm (информационная безопасность),2020-10-12T11:57:52+0300,"Требования: Высшее образование.Знание продуктов, решений и рынка информационной безопасности. Широкий технологический кругозор, любознательность, готовность к самостоятельному и корпоративному обучению.Опыт инженерного пресейла или прямых продаж на уровне руководителя профильного технического подразделения крупных корпоративных клиентов. Опыт реализации крупных проектов (100+ млн рублей) на должности пресейла, архитектора, главного инженера проекта будет плюсом.Навыки самостоятельной работы на этапе поиска и формирования задач вместе с командной работой на этапе реализации. Опыт постановки или решения аналитических задач по выводу на рынок нового продукта по ИБ, изучения и развития новых рынков или специализированных направлений ИБ с помощью аналитических инструментов (SWOT, SNW, ABC и др.).Умение понятно излагать сложные технические и функциональные концепции, развитые коммуникативные навыки.Навыки создания и проведения презентаций. Опыт проведения Proofs of Concept (POC) и других видов пользовательских демонстраций решений и экспертизы в области ИБ.Опыт подготовки технической документации на разных этапах проекта (ТЗ, RFI, HLD, ТЭО).Английский язык на уровне не менее upper-intermediate. ",Полный день,[],Условия: Работа в крупной стабильной компании.Возможность профессионального и карьерного роста.Компания оплачивает обучение и сертификацию.Заработная плата по результатам собеседования.График работы: 5/2 с 10.00 до 19.00.Социальный пакет.Место работы: современный офис в БЦ «Комсити».Ближайшая ст. метро «Румянцево».
662,662,,Центр компьютерного обучения СПЕЦИАЛИСТ при МГТУ им. Н.Э.Баумана,,"Обязанности: Разработка программы, тематических планов и методических материалов курса.Проведение обучения слушателей по утвержденной программе.Повышение квалификации, совершенствование своих преподавательских компетенций ",Частичная занятость,От 3 до 6 лет,,,"преподаватель курса ""информационная безопасность""",2020-10-02T17:06:13+0300,"Требования: Высшее образование.Знание основных нормативных документов: 99-ФЗ, Постановление Правительства № 313, ПП 79 и т.д…Знание способов технической защиты конфиденциальной информацииПонимание средств криптографической защитыПриветствуется наличие сертификатов от компаний - разработчиков средств защиты информации, опыт преподавания ",Гибкий график,"[{'name': '99-ФЗ'}, {'name': 'Информационная безопасность'}, {'name': 'Информационные технологии'}, {'name': 'Средства криптографической защиты информации'}, {'name': 'Технические средства информационной защиты'}, {'name': 'Постановление Правительства 313'}]","Условия работы: Работа в крупнейшем в России Центре компьютерного обучения &quot;Специалист&quot; при МГТУ им. Н. Э. Баумана (100 сотрудников, 200 преподавателей, 20 лет на рынке, компания активно развивается)Возможность профессионального роста и творческой самореализацииРабота с использованием новейших технических средствУдобное расположение учебных комплексов, комфортные учебные аудиторииДостойный размер оплаты труда (1250р - 3260р за академический час)"
940,940,Москва,Ростелеком,,"Основные обязанности:  Сопровождение проектов по обеспечению надлежащего уровня ИБ в продуктах и сервисах компании;Планирование ресурсов и работ профильных отделов на проекте, формирование рабочей группы, определение сроков по реализации этапов проекта, несение ответственности за сроки на проекте;Подготовка документации по проекту - TCO, паспорта проекта, ТЗ и др.;Работа с поставщиками/интеграторами при реализации проекта;Координация работы команды по внедрению решений и сервисов по информационной безопасности для внутренних и внешних заказчиков;Сопровождение закупочных процедур в рамках проекта, взаимодействие с внутренними подразделениями, отвечающими за закупки;Участие в рабочих встречах по предоставляемым сервисам ИБ с потенциальными заказчиками - продуктовыми офисами, подразделениями ИТ, внешними компаниями;Согласование работ, требований, архитектурных схем и решений с профильными отделами и заказчиками;Ведение внутренней документации и отчетности для руководства о состоянии проекта. ",Полная занятость,От 3 до 6 лет,,,руководитель проектов (информационная безопасность),2020-09-18T16:10:53+0300,"Основные требования: Опыт работы в качестве руководителя проектов в ИТ или ИБ от 3-х лет;Навыки управлять командой экспертов, умение правильно ставить задачи и контролировать их выполнение, способность работать в условиях многозадачности;Ориентация на потребности внутреннего заказчика;Высокая мотивация и желание развиваться в области ИБ;Умение/готовность анализировать документацию (требования гос. контрактов, модели угроз, ТЗ, пояснительные записки, ПСИ);Знания принципов работы современных средств защиты информации (межсетевые экраны, системы обнаружения атак, средства анализа защищенности, WAF, AntiDDoS, SIEM системы, СКЗИ и т.д.), достаточные для общения с ИТ и ИБ экспертами на одном языке;Понимание процессов ИБ (Security Monitoring, Incident Response, Threat Intelligence) и процессов управления ИТ (методология ITIL/ITSM, сервисная модель, аутсорсинг, SLA, и т.п.);Опыт ведения документации по проектам. ",Полный день,[],"Основные требования: Опыт работы в качестве руководителя проектов в ИТ или ИБ от 3-х лет;Навыки управлять командой экспертов, умение правильно ставить задачи и контролировать их выполнение, способность работать в условиях многозадачности;Ориентация на потребности внутреннего заказчика;Высокая мотивация и желание развиваться в области ИБ;Умение/готовность анализировать документацию (требования гос. контрактов, модели угроз, ТЗ, пояснительные записки, ПСИ);Знания принципов работы современных средств защиты информации (межсетевые экраны, системы обнаружения атак, средства анализа защищенности, WAF, AntiDDoS, SIEM системы, СКЗИ и т.д.), достаточные для общения с ИТ и ИБ экспертами на одном языке;Понимание процессов ИБ (Security Monitoring, Incident Response, Threat Intelligence) и процессов управления ИТ (методология ITIL/ITSM, сервисная модель, аутсорсинг, SLA, и т.п.);Опыт ведения документации по проектам. "
1730,1730,Москва,Промсвязьбанк,,,Полная занятость,От 1 года до 3 лет,,,главный специалист отдела контроля (информационная безопасность),2020-09-30T14:04:37+0300,"Ключевые задачи:  Контроль соблюдение требования законодательных и нормативных актов, а также внутренних нормативных и распорядительных документов Банка, по вопросам информационной безопасности;  Обеспечение выполнения требований законодательных и нормативных актов, а также внутренних нормативных и распорядительных документов Банка по вопросам информационной безопасности;  Контроль выполнения требований внутренних документов Банка по обеспечению ИБ;  Выявление утечек информации по внешним и внутренним каналам.<br />Контроль предоставления прав доступов в информационных системах<br />Проведение и участие в проведении служебных проверок (в т.ч. выездных) по фактам нарушений в сфере информационной безопасности;  Статистическая обработка и анализ нарушений требований ИБ;  Разработка и контроль выполнения планов устранения недостатков и нарушений требований ИБ, подготовки отчетности;  Взаимодействие с платежными системами, участником которых является Банк, по вопросам защиты информации. Подготовка отчетов об инцидентах ИБ.  ",Полный день,[],
1911,1911,,"РОСБАНК, Societe Generale Group (Russia)",,"Обязанности: Управление всеми вопросами ИБ (BISO) в крупных современных ИТ ( Privat Cloud, Microservices, CI\CD, Data Ceter и др.)Анализ Рисков ИБ в проектах ИТ, выбор мер защиты и презентация их команде проекта.Оценка чувствительности информационных активов и ИТ-систем. Планирование и проведение приемо-сдаточных испытаний средств обеспечения информационной безопасности.Организация и участие в проведении регулярных процедур по управлению уязвимостями (пентесты, анализ кода и пр.).Участие в проведении регулярных процедур по контролю и мониторингу рисков информационной безопасности ( самооценки, мониторинг индикаторов риска и пр.).Консультирование подразделений по вопросам информационной безопасности. ",Полная занятость,От 1 года до 3 лет,,,менеджер проектов (информационная безопасность),2020-10-15T10:29:23+0300,Требования: Широкий кругозор в сфере ИТ.Опыт анализа рисков ИБ.Знание технических и организационных мер защиты.Английский( уверенный бизнес-уровень).Приветствуется наличие сертификатов,Полный день,"[{'name': 'Организация мероприятий'}, {'name': 'Тренинги'}, {'name': 'Проведение презентаций'}, {'name': 'Информационная безопасность'}, {'name': 'Информационные технологии'}]","Условия: Стабильный и прозрачный доход: зарплата и премии по результатам работы.График 5/2, пятница - сокращенный рабочий день.31 календарный день оплачиваемого отпуска.Отсутствие дресс-кода, Flex-office.Забота о здоровье сотрудников: программа ДМС, включая стоматологию и страхование при выезде за рубеж, корпоративные спортивные команды и скидки на абонементы в фитнес-клубы.Дополнительная оплата за больничный лист: доплата сверх пособия по болезни до оклада (до 5 рабочих дней в год).Личностное развитие и рост: корпоративная электронная библиотека Альпина, возможность прохождения бесплатного обучения и тренингов, участия в регулярных встречах корпоративных клубов и скидки на курсы он-лайн школ.Скидки и привилегии по кредитам, ипотека на льготных условиях, льготные условия обслуживания и т.п.Программа корпоративных скидок и привилегий Primezone: развлечение, отдых, товары и услуги, обучение."
2089,2089,Москва,QTECH,  ,Функциональные обязанности: Активное привлечение новых заказчиков и расширение продаж в существующих клиентов.Расширение продаваемого портфеля оборудования.Увеличение объема заказов.Отслеживание тендеров и организация участия в них. ,Полная занятость,От 1 года до 3 лет,,,"менеджер по продаже ""видеонаблюдение и безопасность""",2020-10-12T12:37:03+0300,,Полный день,"[{'name': 'Активные продажи'}, {'name': 'Ведение переговоров'}, {'name': 'Поиск и привлечение клиентов'}, {'name': 'Прямые продажи'}, {'name': 'Планирование продаж'}, {'name': 'Проведение презентаций'}, {'name': 'Технические системы и средства безопасности'}, {'name': 'Холодные продажи'}]",
3400,3400,Москва,Inline Telecom Solutions,"Inline Telecom Solutions – специализированный системный интегратор решений для телекоммуникационных компаний, входящий в десятку ведущих IT компаний России. Ищем в свою команду специалиста на замещение вакансии","Ключевые обязанности: Реализация стратегии компании в развитии экспертизы и продаж решений ИБФормирование и расширение клиентской базы;Продвижение решений компании, проведение переговоров, презентации и консультации для партнеров и Заказчиков;Формирование оптимальных решений под задачи Заказчиков, ценообразование, участие в тендерных процедурах;Совместно с командой сопровождение реализации проектов в аккаунте;Участие в организации и проведении маркетинговых мероприятий;   ",Полная занятость,От 1 года до 3 лет,,200000.0,пресейл инженер по развитию направления иб (информационная безопасность),2020-10-01T12:03:41+0300,"Требования: Опыт работы в сфере ИБ от 5 лет в компании-производителе или системном интеграторе на позиции ведущего инженера или технического пресейл-инженера;Успешный опыт продвижения и продаж решений ИБПонимание технологий: Системы виртуализации KVM/VMWAnti DDoSAnti SPAMFW, WAFСКЗИ Знание стандартов, требований законодательства РФ и других нормативно-правовых актов в области информационной безопасности (ФСТЭК, ФСБ)Знания сетевых технологий на уровне JNCIS-SP/ENT/SEC или CCNP-RS/SP/SECОпыт подготовки отчетов, проектной и технической документацииОпыт проведения пусконаладочных работ, связанных с запуском нового оборудования, миграционные работы по замене оборудованияОпыт разработки организационно-распорядительной документации по ИБНаличие действующих сертификатов производителей сетевого оборудования, средств защиты информацииОбязательно наличие наработанных контактов среди представителей компаний-производителейОбязательно наличие наработанных контактов в ЗаказчикахОпыт проведения презентаций и переговоров с представителями ЗаказчикаРазвитые коммуникативные навыкиПроактивный подход к процессу продаж и к решению задачНацеленность на результатПорядочностьВысшее образованиеВладение английским языком на уровне intermediate или выше. ",Полный день,"[{'name': 'Информационная безопасность'}, {'name': 'Управление проектами'}, {'name': 'Проведение презентаций'}, {'name': 'Английский язык'}, {'name': 'Информационные технологии'}]",Мы предлагаем: Трудоустройство в одной из лидирующих компаний отрасли;Оформление и выплата заработной платы по ТК РФ;Оклад от 200 тысяч рублей (net) + % от продаж: условия обсуждаются индивидуально по результатам собеседования;Дружный профессиональный коллектив;Медицинское страхование;100% оплата отпуска и больничного листа;Отпуск 28 календарных дней в году + 4 персональных оплачиваемых дня;Гибкий рабочий график;Офис расположен в шаговой доступности от метро «Марьина Роща».  
3459,3459,,Сбербанк,Хочешь проверить свои навыки и получить интересный опыт работы в самом инновационном банке?   ,,Стажировка,Нет опыта,,,стажер sberseasons кибербезопасность (аналитика),2020-10-09T21:09:43+0300,,Полный день,"[{'name': 'Linux'}, {'name': 'ОС Windows'}, {'name': 'С'}, {'name': 'Ansi C++'}, {'name': 'С#'}, {'name': 'Iron Python'}, {'name': 'IDA Pro'}]",
3686,3686,Москва,Ростелеком-Солар,,,Полная занятость,От 1 года до 3 лет,,,инженер-проектировщик (безопасность инфраструктуры и приложений),2020-09-28T10:10:07+0300,,Полный день,[],
4073,4073,Москва,РАСУ,,"Обязанности: Управление проектами по созданию новых продуктов и решений для обеспечения информационной безопасности АСУ ТП, электротехнического оборудования, цифровых продуктов для электроэнергетики;Организация и контроль выполнения работ по проекту;Управление коммуникациями в проекте;Планирование и отчетность по проекту;Администрирование проекта;Управление поставками. ",Полная занятость,От 3 до 6 лет,,,руководитель проекта (информационная безопасность),2020-10-05T12:00:10+0300,"Требования:  Высшее образование (техническое);  Опыт не менее 3х лет по управлению проектами в области ИБ;  Уверенный пользователь ПК ( MS Office, MS Project, графические редакторы, архиваторы, Adobe Acrobat Reader Pro);  Опыт руководства проектами по проектированию и разработке IT систем, СЗИ для АСУ;  Опыт в области электро\тепловой\атомной энергетики как преимущество;  Знание систем автоматического управления и регулирования;  Знание этапов создания систем управления;  Экспертный опыт в области ИБ и ТЗКИ;  Практический опыт проектирования и разработки проектной и эксплуатационной документации на СЗИ АС;  знание основных национальных и международных нормативно-технических документов по вопросам ИБ и ТЗКИ;  Наличие сертификатов PMI (CAPM, PMP) будет являться преимуществом.  ",Полный день,"[{'name': 'Управление затратами'}, {'name': 'Adobe Acrobat'}, {'name': 'Организация рабочих мест'}, {'name': 'Adobe Reader'}, {'name': 'MS Project Expert'}]","Условия: Уровень заработной платы обсуждается индивидуально с успешным кандидатом;Социальный пакет: соблюдение ТК РФ, ДМС, корпоративное обучение, годовой бонус по результатам выполнения КПЭ;Месторасположение офиса – м. Нагатинская, БЦ «Сириус парк»."
4383,4383,,АЙТИ ПАРТНЕР,,"Обязанности и ключевые задачи: Выявление потребностей заказчиков (переговоры, консультации Заказчиков);Техническая проработка проектов по ИБ в интересах заказчиков, а также комплексных проектов в части вопросов обеспечения ИБ в составе ИТ-проектов;Участие в подготовке бюджетных оценок стоимости технической реализации проектов;Участие в формировании архитектуры систем защиты информации, проработка ТЗ (в том числе, в условиях неопределенности, недостаточности исходных данных и в сжатые сроки);Предложение оптимального решения с учетом всех параметров (функциональность, стоимость владения, перспективность);Стендирование решений, подготовка сравнений, экспертная оценка;Презентации решения по информационной безопасности для заказчиков;Проведение пилотных проектов решений по информационной безопасности для заказчиков;Контроль хода выполнения проектов по информационной безопасности;Отслеживание и поддержание необходимых для авторизации компетенций по основным производителям в сфере информационной безопасности;Анализ требований по авторизации у новых производителей при возникновении такой необходимости;Взаимодействовать с вендорами, дистрибуторами;Участие в активностях по обучению, развитие собственной компетенции в области информационной безопасности. ",Полная занятость,От 1 года до 3 лет,,,pre-sale информационная безопасность,2020-10-15T00:32:32+0300,"Требования: Высшее техническое образование, приоритет профильному образованию;Релевантный опыт работы от 2-х лет;Знание рынка информационной безопасности, основных производителей средств защиты информации;Знание основных нормативных требований Федерального законодательства и регуляторов в области защиты информации;Глубокое понимание сетевых технологий и сетевой безопасности;Знание английского языка на уровне, достаточном для чтения технической документации;Понимание принципов проектной работы;Активность, коммуникабельность, целеустремленность, высокая;работоспособность и желание постоянно развивать свою квалификацию. ",Полный день,"[{'name': 'Информационная безопасность'}, {'name': 'Информационные технологии'}, {'name': 'Подготовка презентаций'}, {'name': 'Обучение и развитие'}, {'name': 'Ориентация на результат'}]","Обязанности и ключевые задачи: Выявление потребностей заказчиков (переговоры, консультации Заказчиков);Техническая проработка проектов по ИБ в интересах заказчиков, а также комплексных проектов в части вопросов обеспечения ИБ в составе ИТ-проектов;Участие в подготовке бюджетных оценок стоимости технической реализации проектов;Участие в формировании архитектуры систем защиты информации, проработка ТЗ (в том числе, в условиях неопределенности, недостаточности исходных данных и в сжатые сроки);Предложение оптимального решения с учетом всех параметров (функциональность, стоимость владения, перспективность);Стендирование решений, подготовка сравнений, экспертная оценка;Презентации решения по информационной безопасности для заказчиков;Проведение пилотных проектов решений по информационной безопасности для заказчиков;Контроль хода выполнения проектов по информационной безопасности;Отслеживание и поддержание необходимых для авторизации компетенций по основным производителям в сфере информационной безопасности;Анализ требований по авторизации у новых производителей при возникновении такой необходимости;Взаимодействовать с вендорами, дистрибуторами;Участие в активностях по обучению, развитие собственной компетенции в области информационной безопасности. "
4663,4663,Москва,Ростелеком-Солар,,,Полная занятость,От 1 года до 3 лет,,,инженер-проектировщик (сетевая безопасность),2020-09-28T10:10:06+0300,,Полный день,[],
4906,4906,,Angara Technologies Group,,<em>Основные обязанности:</em> - Проектирование и внедрение систем. ,Полная занятость,От 3 до 6 лет,,,ведущий эксперт отдела сетевых технологий (информационная безопасность),2020-10-14T12:24:52+0300,"<em>Требования:</em> Знание сетевых технологий (уровень не ниже CCNP R&amp;S), протоколов динамической маршрутизации: RIP, EIGRP, OSPF, BGP, понимание механизмов работы etherchannel/link aggregation, протокола IPsec.Знание решений и продуктов по сетевой безопасности.Опыт работы с оборудованием: коммутаторы (L2/L3), маршрутизаторы.Образование – высшееСертификаты – наличие сертификатов CheckPoint, PaloAlto, Cisco, McAfee (Intel Security), HP и др. или готовность пройти сертификацию в кратчайшие сроки будет дополнительным преимуществом.Ключевые компетенции: аналитические способности, стремление развиваться, коммуникабельность, работа в командеПроф знания: знание сетевых технологий, опыт работы с продуктами по сетевой безопасностиОпыт работы – от 3 лет (опыт работы в интеграторе или дистрибьюторе/производителе не менее 1 года)Английский язык – техническийЖелание развиваться в области безопасности сетевых технологий, изучать новые продукты. ",Полный день,[],
5174,5174,,ITD Group (International IT-Distribution Group),"Компания ITD Group приглашает Аналитика в проект по разработке и внедрению системы противодействия мошенничеству. С помощью наших решений крупные коммерческие и государственные компании и банки уровня ТОП - 20 ежедневно проверяют более 5 000 000 финансовых операций, защищают денежные средства и персональные данные более 30 000 000 клиентов, контролируют действия более 50 000 своих сотрудников. ",,Полная занятость,От 1 года до 3 лет,200000.0,150000.0,системный/бизнес аналитик (информационная безопасность),2020-10-14T14:55:13+0300,Требования к кандидату: Обязателен опыт работы на позиции ,Полный день,"[{'name': 'UML'}, {'name': 'BPMN'}, {'name': 'IDEF0'}, {'name': 'IDEF3'}, {'name': 'Бизнес-анализ'}, {'name': 'Системный анализ'}, {'name': 'Антифрод'}, {'name': 'Внедрение систем информационной безопасности'}]","Условия: На срок выполнения проекта. Удаленная работа. На территории работодателя, периодические выезды к заказчикам (Москва)"
5196,5196,,Промсвязьбанк,,,Полная занятость,От 1 года до 3 лет,,,управляющий эксперт отдела фиксации инцидентов (информационная безопасность),2020-09-30T17:10:52+0300,"Ключевые задачи:  Соблюдение в своей деятельности требования законодательных и нормативных актов, а также внутренних нормативных и распорядительных документов Банка, в том числе по вопросам информационной безопасности;  Выполнение:<br />- работы по противодействию мошенническим операциям в системах дистанционного банковского обслуживания;<br />- работы по эксплуатации автоматизированных систем противодействия мошенничеству (антифрод систем);<br />- контроля передачи информации по внешним каналам связи (почта, Интернет);<br />- контроля передачи и обработки данных с помощью внешних носителей информации;<br />- мониторинга информационных систем Банка, регистрацию и реагирование на инциденты информационной безопасности;<br />- взаимодействия с FinCERT ЦБ России, в т.ч. информирование об инцидентах информационной безопасности;<br />- работы по предоставлению данных из информационных систем Банка при проведении служебных проверок и расследований инцидентов информационной безопасности;  Участие в организации процесса повышения осведомленности работников в области информационной безопасности;  Контроль применяемых средств информационной безопасности в пределах своей компетенции;  Участие в переговорах с разработчиками и поставщиками аппаратных и программных средств обеспечения информационной безопасности;  Подготовка отчетов;  Соблюдение требований по неразглашению и надлежащему использованию коммерческой, служебной, банковской тайны, персональных данных и внутрибанковской информации.  ",Полный день,[],
5462,5462,Москва,Ростелеком-Солар,,,Полная занятость,От 1 года до 3 лет,,,ведущий инженер-проектировщик (безопасность инфраструктуры и приложений),2020-09-28T10:10:07+0300,,Полный день,[],
5489,5489,Москва,МОНТ,<em>В стабильную российскую компанию-дистрибьютор программного обеспечения широкого спектра приглашается ,"Обязанности: <ol> <li>Управление продажами:</li> </ol> регулярное выполнение плана по обороту вендоров;формирование и ведение pipeline;выполнение поставленных качественных KPI’s работы (встречи, обучения);координация ключевых проектов; 2. Взаимодействие с партнёрским каналом: анализ рынка и канала продаж, выявление целевых регионов и партнеров для вовлечения в бизнес вендора;развитие партнёрского канала (вовлечение новых партнёров, развитие существующих партнёров, совместные активности с партнерами с целью увеличения продаж);участие во встречах и переговорах с партнерами\заказчиками;помощь партнерам в продвижении решений вендора самостоятельно и с помощью привлечения ресурсов компании;разработка мотивационных программ для партнеров;подготовка отчетов и аналитических записок по запросу вендора и в соответствии с системой регулярных процессов, установленных вендором. 3. Маркетинговая активность: участие в маркетинговой деятельности, проводимых компанией: подготовка презентаций и выступление в мероприятиях для партнеров и заказчиков: конференции, семинары, вебинары. 4. Консультирование и обучение: — поддержка менеджеров по продажам (проведение тренингов по составлению спецификаций, лицензированию и т.д., оказание оперативной помощи по любым вопросам, связанным с бизнесом вендора). ",Полная занятость,Нет опыта,,,менеджер по развитию бизнеса (информационная безопасность),2020-10-15T17:33:49+0300,"Требования: Высшее образование;Опыт работы в IT сфере на аналогичной должности (желательно с информационной безопасностью) от 2-х лет;Знание и понимание технологии продаж, работы с партнерами, конечными заказчиками;Хорошие навыки в подготовке и проведении презентаций, публичных выступлений. ",Полный день,"[{'name': 'Проведение презентаций'}, {'name': 'Ведение переговоров'}, {'name': 'Развитие продаж'}, {'name': 'Навыки презентации'}]",Условия: Оклад.Премии (обсуждаются на собеседовании).ДМС.Пятидневная рабочая неделя с 10 до 18;Офис рядом со ст. м. Улица 1905 года.
5537,5537,Москва,Angara Technologies Group,,"Обязанности:  Проектирование (участие в проектировании) и внедрение решений класса SIEM;Интеграция СЗИ, Инфраструктуры, прикладного ПО с решениями класса SIEM;Анализ событий информационной безопасности с целью выявления возможных новых угроз и инцидентов, шаблонов и трендов;Разработка (участие в разработке) сценариев детектирования возможных угроз и реагирования на них;Решение вопросов потери работоспособности уже внедренных SIEM решений (в рамках 2-ой линии поддержки);Участие в Pre-sale деятельности. ",Полная занятость,От 3 до 6 лет,,,инженер информационная безопасность (siem),2020-10-13T13:09:04+0300,"Требования: Релевантный опыт работы от 1 года;Желание развиваться в указанной области;Опыт работы с SIEM системами (RSA NetWitness и IBM QRadar являются преимуществом);Опыт анализа log-файлов от различных источников, таких как: операционные системы, базы данных, сетевое оборудование и т.д.;Опыт разработки проектной документации (в том числе по ГОСТ);Знание английского языка (как минимум в объеме, достаточном для чтения эксплуатационной документации на SIEM-системы и взаимодействия со службами технической поддержки вендоров SIEM-систем);Аналитический склад ума (системное мышление). ",Полный день,[],"Прочие условия Сокращенное время работы в пятницу.Печенье, конфеты, кофе, чай, бутерброды, фрукты в офисе.Большие возможности карьерного и профессионального роста в молодой, стремительно развивающейся компании.Офис в шаговой доступности от метро. "
5736,5736,Москва,ИнфраТех,,"Обязанности: Оказание пресейл-поддержки по направлению Информационной Безопасности (DLP, NGFW, WAF, compliance).Поддержка менеджеров блока продаж в проведении переговоров с заказчиками, подготовке технико-коммерческих предложений, тендерной документации и ведении сделок.Участие в развитии продаж услуг направления (обучение менеджеров по продажам, участие в маркетинговых мероприятиях компании в качестве докладчика на семинарах/конференциях, подготовка материалов для менеджеров по продажам и заказчиков).Консультирование сотрудников отдела продаж и клиентов по направлению Информационной Безопасности.Защита предложений у клиентов.Организация и проведение встреч, презентаций.Мониторинг и поддержка процесса реализации проектов. ",Полная занятость,От 1 года до 3 лет,120000.0,60000.0,пресейл специалист (информационная безопасность),2020-10-15T12:49:44+0300,"Требования: Среднее или высшее техническое образование.Знание рынка информационной безопасности, основных производителей средств защиты информации.Понимание принципов работы средств защиты информации (DLP, SIEM, PAM и т.д.), знание законодательства РФ в данной области.Опыт проведения публичных выступлений и презентаций.Желание профессионально развиваться в данном направлении. ",Полный день,"[{'name': 'Проведение презентаций'}, {'name': 'Ведение переговоров'}, {'name': 'Деловое общение'}, {'name': 'Ориентация на результат'}, {'name': 'Анализ конкурентной среды'}, {'name': 'Обучение и развитие'}, {'name': 'Подготовка презентаций'}, {'name': 'Работа в команде'}, {'name': 'Документальное сопровождение'}]",Условия: Официальное трудоустройство в динамично развивающейся компании. Конкурентное зарплатное предложение (высокий оклад + высокий % от продаж). Окончательные условия будут обсуждаться с успешным кандидатом. 
6298,6298,,Бэнкс Софт Системс,,В обязанности будет входить: - Подготовка отчетной и нормативной документации по итогам проведения работ по анализу защищенности\тестированию на проникновение - Подготовка коммерческих предложений и презентаций по анализу защищенности и тестированию на проникновение - Участие в подготовке требований к техническому заданию - Подготовка технических заключений и документации в соответствии со стандартами ГОСТ - Участие в проектах по аналитике информационной безопасности   ,Полная занятость,От 1 года до 3 лет,,,технический писатель (информационная безопасность),2020-10-13T10:07:50+0300,,Полный день,"[{'name': 'Информационная безопасность'}, {'name': 'Подготовка презентаций'}, {'name': 'MS Visio'}, {'name': 'Информационные технологии'}, {'name': 'Документооборот'}]","Условия:​​​​ - Офис в районе м.Нагатинская/м.Тульская; (рассматриваем формат 3 дня в офисе, 2 дня удаленно) - Гибкое начало рабочего дня - ДМС - Возможность получения профессиональных сертификатов - Возможность обмена опыта и знаниями с лучшими разработчиками банковского ПО - Участие в конференциях по ИБ"
6372,6372,,Сателл ИТ,,"<em>Обязанности</em>: Управляет администраторами SOC (Смены, отпуска, собеседование новых администратора, построение отчетности);Разрабатывает архитектуру системы SIEM для оптимизации и повышения эффективности системы;Контролирует лицензионную емкость систем SIEM и SOAR;Разрабатывает внедряет и поддерживает новые системы ИБ;Участвует в составлении бюджета отдела ИБ;Разрабатывает, актуализирует и внедряет новые источники событий SIEM;Производит настройку и оптимизацию событий для подключенных источников в SIEM;Разрабатывает правила корреляции событий в системе SIEM;Производит регулярный мониторинг работоспособности системы SIEM;Участвует во встречах, связанных с разработкой и подключением источников SIEM как внутри департамента, так и с бизнес заказчиками внутри компании;Привлекается к процессу расследования инцидентов ИБ и устранения их последствий;Производит поиск новых источников для наполнения данными системы мониторинга событий ИБ;Контролирует весь жизненный цикл системы мониторинга ИБ;Производит тестирование средств защиты SOC;Производит создание контента в рамках ответственности SOC. (создание новых правил, отчетов и др.);Управляет исключениями в системах безопасности SIEM;Вносит изменения в конфигурацию систем ИБ;Разрабатывает рекомендации по настройке систем безопасности для департамента ИТ;Анализирует результаты проведенных сканирований, определяет актуальные уязвимости и их воздействие на инфраструктуру Компании, добавляет новые правила срабатывания на события ИБ, в соответствии с найденными уязвимостями. <em>",Полная занятость,От 3 до 6 лет,,160000.0,старший администратор siem (информационная безопасность),2020-10-12T09:51:58+0300,"Требования:</em> Релевантный опыт работы от 3 лет;Навыки распознавания новых угроз ИБ, их оценки и формирования отчетности по текущим и новым угрозам ИБ;Знание компьютерных сетей;Умение работать и находить ответы самостоятельно, способность работать в команде;Понимание причины возникновения угроз, классификации угроз ИБ;Понимание тактики, методов и хода мыслей противника, умение анализировать и составлять стратегию для практического обеспечения ИБ компании;Опыт работы с системой ArcSight Logger Search and Reporting не менее 2-х лет;Знание технологий SIEM, SOAR, EDR, IPS/IDS, DLP, MDM, NAC;Навыки программирования, создания коннекторов и парсеров;Английский язык (технический) не ниже intermediate.Желательно наличие профильных сертификатов (CEH, GCIA, GCIH и др.). ",Полный день,"[{'name': 'Информационная безопасность'}, {'name': 'Английский язык'}, {'name': 'siem'}, {'name': 'ArcSight'}]","<em>Условия:</em> Интересная работа в крупной компании;Комфортабельный офис в районе ст. м. Волгоградский проспект;Официальное трудоустройство с первого рабочего дня (оплата больничных листов, отпусков);Белая заработная плата: фиксированный оклад (обсуждается на собеседовании с успешными кандидатами);График работы: 5/2 с 9-00 до 18-00;Соц. пакет: полис ДМС;Регулярные корпоративные мероприятия;Работа в молодом, дружном коллективе."
6449,6449,Москва,Ростелеком,,"Обязанности: Эксплуатация сетевых средств защиты информации (СЗИ), таких как Next Generation Firewall, Web Application Firewall, IPS, AntiDDOS;Диагностика, траблшутинг аварий на СЗИ и инцидентов ИБ;Ввод в эксплуатацию новых СЗИ;Участие в разработке мер, внесение предложений, направленных на повышение уровня информационной безопасности;Документирование и поддержание в актуальном состоянии документации связанной с вверенными сетевыми СЗИ. ",Полная занятость,От 1 года до 3 лет,,,ведущий сетевой инженер иб (информационная безопасность),2020-09-22T10:10:11+0300,"Обязательные требования: Не менее 2-х лет практического опыта работы в области информационной безопасности или сетевых технологий;Знание обеспечения защиты в корпоративных сетях;Опыт эксплуатации сетевого оборудования: Juniper, Cisco. ",Полный день,"[{'name': 'Информационная безопасность'}, {'name': 'Cisco'}, {'name': 'TCP/IP'}, {'name': 'Администрирование сетевого оборудования'}, {'name': 'Информационные технологии'}]","Условия: Работа с профессионалами команды Центра Кибербезопасности и Защиты;Система бонусов по итогам работы за квартал и за год;ДМС, включая стоматологию и скидки для родственников;Корпоративная сотовая связь;Возможности карьерного роста и профессионального развития в различных направлениях ИБ;Свобода в выборе стиля одежды;Офис ст. м. Бутырская/ВДНХ.  "
6770,6770,Москва,Энвижн Груп (NVision Group),,"Обязанности: Обследование, анализ сетевых инфраструктур, схем, используемого сетевого оборудования и их конфигураций;Разработка технической части проектной документации: (ТТ/ТЗ, специфкаций, High Level Design решений по сетевой безопасности);Внедрение и настройка средств сетевой безопасности на периметре или ядре сети;Анализ перспективных технологий сетевой безопасности для операторов связи и корпоративных сетей;Участие в проектах по сетевой безопасности:<br />o Модернизации корпоративных шлюзов безопасности<br />o Построение систем защиты периметра корпоративных сетей<br />o Мониторинга и выявления аномалий в сетевом трафике   ",Полная занятость,От 1 года до 3 лет,,,инженер по информационной безопасности (сетевая безопасность),2020-09-18T11:13:39+0300,,Полный день,"[{'name': 'Linux'}, {'name': 'Администрирование сетевого оборудования'}, {'name': 'Внедрение систем информационной безопасности'}, {'name': 'Информационная безопасность'}, {'name': 'Check Point'}, {'name': 'Cisco'}, {'name': 'Проектная документация'}]",
7233,7233,,Сателл ИТ,,"<em>Обязанности</em>: Разрабатывает, актуализирует и внедряет новые источники событий SIEM;Производит настройку и оптимизацию событий для подключенных источников в SIEM;Разрабатывает правила корреляции событий в системе SIEM;Производит регулярный мониторинг работоспособности системы SIEM;Участвует во встречах, связанных с разработкой и подключением источников SIEM как внутри департамента, так и с бизнес заказчиками внутри компании;Привлекается к процессу расследования инцидентов ИБ и устранения их последствий;Производит поиск новых источников для наполнения данными системы мониторинга событий ИБ;Контролирует весь жизненный цикл системы мониторинга ИБ;Производит тестирование средств защиты SOC;Производит создание контента в рамках ответственности SOC. (создание новых правил, отчетов и др.);Управляет исключениями в системах безопасности SIEM;Вносит изменения в конфигурацию систем ИБ;Разрабатывает рекомендации по настройке систем безопасности для департамента ИТ;Анализирует результаты проведенных сканирований, определяет актуальные уязвимости и их воздействие на инфраструктуру Компании, добавляет новые правила срабатывания на события ИБ, в соответствии с найденными уязвимостями; <em>",Полная занятость,От 3 до 6 лет,,130000.0,администратор soc (информационная безопасность),2020-10-12T09:51:52+0300,"Требования:</em> Релевантный опыт работы от 3 лет;Высшее техническое образование или свидетельство о прохождении профильного обучения в области информационной безопасности не менее 512 часов;Навыки распознавания новых угроз ИБ, их оценки и формирования отчетности по текущим и новым угрозам ИБ;Знание компьютерных сетей;Умение работать и находить ответы самостоятельно, способность работать в команде;Понимание причины возникновения угроз, классификации угроз ИБ;Понимание тактики, методов и хода мыслей противника, умение анализировать и составлять стратегию для практического обеспечения ИБ компании;Опыт работы с системой ArcSight Logger Search and Reporting не менее 2-х лет.Навыки программирования, создания коннекторов и парсеров;Аналитические навыки и навыки разрешения конфликтных ситуаций;Английский язык (технический) не ниже intermediate. ",Полный день,"[{'name': 'Информационная безопасность'}, {'name': 'Английский язык'}, {'name': 'ArcSight'}, {'name': 'siem'}]","<em>Условия:</em> Интересная работа в крупной компании;Комфортабельный офис в районе ст. м. Волгоградский проспект;Официальное трудоустройство с первого рабочего дня (оплата больничных листов, отпусков);Белая заработная плата: фиксированный оклад (обсуждается на собеседовании с успешными кандидатами);График работы: 5/2 с 9-00 до 18-00;Соц. пакет: полис ДМС;Регулярные корпоративные мероприятия;Работа в молодом, дружном коллективе."
8322,8322,Москва,Астрал-М,,"Обязанности: Организовывать и контролировать исполнение масштабных ИБ-проектов;Вести переговоры с заказчиком, проводить встречи и готовить предложения в технической части и обосновывать их заказчику;Заниматься подготовкой документации по проекту - TCO, паспорта проекта, ТЗ и согласовывать содержательную часть проекта внутри компании и с заказчиком;Конфигурировать проект, планировать работы, сроки, ресурсы, идентифицировать потенциальные риски;Собрать собственную команду архитекторов, инженеров, технических писателей;Сопровождать закупочные процедуры в рамках проекта, взаимодействовать с внутренними подразделениями, отвечающими за закупки;Разрабатывать модели угроз, согласовывать их во ФСТЭК, создавать пояснительные записки, ПСИ;Работать с поставщиками/вендорами при реализации проекта;Своевременно эскалировать риски проектов руководству;Запускать пилотные проекты у заказчиков;Отвечать за качество реализуемых ИБ-проектов. ",Полная занятость,Нет опыта,,,руководитель проектов (информационная безопасность),2020-10-14T14:56:36+0300,"Требования: Обязательный опыт работы в области ИБ на стороне консультанта, аудитора, интегратора, реализации масштабных проектов с 0, связанных с построением системы защиты информации, в том числе включающих разработку организационно-распорядительной документации по линии ИБ;Опыт в пресейл и реализации проектов, включающих такие классы продуктов, как: межсетевые экраны, системы обнаружения атак, средства анализа защищенности, SIEM, DLP, PAM, sGRC, IRP, NGFW, WAF;Глубокое знание основных законодательных, нормативных документов в области обеспечения информационной безопасности в РФ;Знание операционных систем Windows/Linux, сетевых технологий, инфраструктурных служб и сервисов (Active Directory, DNS, DHCP, terminal services и т.д.);Понимание специфики работы (реализации проектов) для крупных бизнес-заказчиков, госсектора;Опыт подготовки проектной и эксплуатационной документации (как самостоятельно, так и в рамках реализации проектов – в качестве эксперта/руководителя работ по подготовке документации). Понимание состава, требований к документации. ",Полный день,[],"Условия: Официальное трудоустройство;Заработная плата устанавливается по итогам собеседования с успешным кандидатом;Премии по результатам каждого выполненного проекта; Оформление и социальные гарантии согласно ТК РФ с первого рабочего дня;  Режим работы 5/2, удобный график с 10.00 до 19.00 (или с 09.00 до 18.00)  Множество интересных задач сейчас и в перспективе. "
9294,9294,Москва,Ингосстрах,,"Обязанности: Организация эксплуатации средств защиты информации в облаке;Администрирование и настройка средств защиты информации в облаке;Оценка состояния средств защиты информации в облаке и формирование предложений по их замене (доработке, модернизации);Разработка рекомендаций и инструкций по выполнению требований информационной безопасности при настройке и эксплуатации средств защиты информации в облаке;Согласование политик информационной безопасности, оценка возможности реализации их требований;Выработка технических решений для выполнения требований Компании по информационной безопасности;Организация работ по выбору средств защиты информации;Организация обучения сотрудников по вопросам эксплуатации средств защиты информации. ",Полная занятость,От 1 года до 3 лет,,,главный специалист эксплуатации средств защиты информации (безопасность облачных приложений),2020-10-13T15:12:24+0300,"Требования: Знание средств защиты информации и опыт их эксплуатации (Firewalls, IDS/IPS, WAF, DLP, SIEM, VAPT, антивирус и т.п.);Знание облачных технологий и средств безопасности облачных приложений (Cloud App Security);Общие знания в области построения сетей, технологии передачи данных, протоколов маршрутизации и пр.;Знание организации тестирования и проектирования информационных систем. ",Гибкий график,"[{'name': 'Cloud App Security'}, {'name': 'FIrewall'}, {'name': 'IDS'}, {'name': 'IPS'}, {'name': 'WAF'}, {'name': 'DLP'}, {'name': 'SIEM'}, {'name': 'VAPT'}]","Условия: График 5/2, гибкое начало дня;Ежеквартальные премии за личные результаты, деятельности подразделения и годовой бонус за результаты деятельности Компании;ДМС сразу после испытательного срока и расширенный пакет ДМС со стоматологией через 6 месяцев после прохождения срока испытания;Возможность совершенствовать себя в одном из лучших Корпоративных университетов для прокачки навыков + бесплатный корпоративный доступ к электронной библиотеке Альпина;Корпоративная сотовая связь;Льготные страховые продукты (страхование имущества, автотранспорта, ВЗР);Скидки на обучение в языковых школах Speak English и Skyeng – от 15 – 25%;Корпоративные предложения от сетей фитнес-клубов: WORLD CLASS, Зебра, X-fit;Скидки от партнеров на приобретение недвижимости, приобретение авто и многое другое;И активная корпоративная жизнь со спортивными секциями: бассейн, бег, волейбол, йога и др."
9527,9527,Москва,X5 RETAIL GROUP,Дирекция по информационным технологиям корпоративного центра X5 Retail Group в поисках ,"Должностные обязанности: ​Согласование бизнес-требований по новым проектам по информационной безопасности (ИБ) с точки зрения архитектуры;Разработка архитектуры решения для проектов, связанных с закрытием уязвимостей в ИБ;Согласование архитектурного решения и интеграционного дизайна с Департаментом ИБ и другими подразделениями Компании;Подготовка предложений по оптимизации работы информационных систем и интеграционных потоков с точки зрения повышения ИБ. ",Полная занятость,От 3 до 6 лет,,,архитектор по внедрению ит-проектов (направление информационная безопасность),2020-10-15T16:31:49+0300,"Требования: Практический опыт разработки архитектурных ИТ-решений в области ИБ, работа в ИБ-подразделениях ритейл сферы;Понимание технологий обеспечения ИБ ИТ-инфраструктуры, в том числе для аттестованных решений;Умение строить/планировать архитектуру решений ИБ в гео-распределенных средах;Умение разрабатывать и применять нормативные документы ИБ;Опыт проектирования и реализации проектов: средства защиты информации (СЗИ) и сред с различными требованиями к ИБ;Понимание норм и принципов ИБ при использовании контейнерной виртуализации будет преимуществом;Знания в области сетевых технологий, сред виртуализации. ",Полный день,"[{'name': 'Информационная безопасность'}, {'name': 'Технические средства информационной защиты'}, {'name': 'Технические системы и средства безопасности'}, {'name': 'Архитектор информационных систем'}, {'name': 'Корпоративный архитектор'}, {'name': 'IS'}, {'name': 'Information Security'}, {'name': 'Архитектура'}, {'name': 'Аудит безопасности'}, {'name': 'Администрирование серверов Linux'}, {'name': 'Администрирование серверов Windows'}]",
9858,9858,Москва,Кадровый центр «Президент»,,"Обязанности: Продажи решений кибербезопасности компаниям в сегменте среднего бизнеса в команде с пресейл-инженером;Поддержание лояльности существующих заказчиков, установление отношений с новыми заказчиками;Квалификация потенциальных проектов. выявление и анализ потребностей, создание новых потребностей, умение вести диалог по задачам и решениям;Курирование презентаций и пилотных проектов, проводимых пресейл-инженером или партнерами;Ведение переговоров, успешное закрытие проектов;Выполнение плана по объему продаж;Ведение отчетности. ",Полная занятость,Нет опыта,120000.0,70000.0,менеджер по работе с заказчиками (кибербезопасность mid-market),2020-10-14T11:52:17+0300,"Требования: Высшее образование;Знания английского языка не ниже базового;Опыт работы в продажах ( решения ИБ, системный софт, сеть) ",Полный день,"[{'name': 'Работа в команде'}, {'name': 'Бизнес-анализ'}, {'name': 'Анализ рынка'}, {'name': 'Навыки переговоров'}, {'name': 'Навыки презентации'}]","Условия: График работы 5/2 с 9:00 до 18:00Работа в офисе м. Савеловская;Заработная плата: 70 000 - 120 000 (оклад) по результатам собеседования + 1 бонус 1 раз в квартал;ДМС(+стоматология)Компенсация курсов, тренингов, фитнес-клуба"
11092,11092,,Softline,,,Полная занятость,От 1 года до 3 лет,,,пресейл (информационная безопасность),2020-09-28T11:27:59+0300,"Требования: Высшее техническое образование.Знание рынка информационной безопасности, основных производителей средств защиты информации.Понимание принципов работы средств защиты информации (DLP, SIEM, PAM и т.д.), знание законодательства РФ в данной области.Опыт проведения публичных выступлений и презентаций.Желание профессионально развиваться в данном направлении.",Полный день,[],
11817,11817,Москва,ИНФОРМЗАЩИТА,,"Обязанности: Выполнение текущих задач по продажам;Развитие имеющихся клиентов;Взаимодействие с заказчиками;Ведение переговоров с заказчиками;Подготовка коммерческих предложений, подготовка и сведение спецификаций;Подготовка обоснований стоимости проектов;Согласование договоров (как внутри компании, так и с клиентами);Участие в конкурсах/аукционах (подготовка КД, заявок);Работа в CRM, ведение истории заказов;Закрытие (сдача) проектов, этапов проектов;Работа в 1С (заведение новых контрактов). ",Полная занятость,От 1 года до 3 лет,,,менеджер по продажам (b2b и b2g/информационная безопасность) нац,2020-09-21T11:25:06+0300,"Требования: Знание рынка ИТ и ИБ;Знание договорной работы, документарной работы с заказчиком;Знание процедуры согласования договоров/контрактов;Знание 1С, CRM;Опыт работы на аналогичной должности от 1 года;Высшее образование в области информационной безопасности;Аккуратность в работе с документами, ответственность, четкость. ",Полный день,[],"Условия: Интересные задачи. Работа с крупными, интересными проектами;Оформление в соответствии с ТК РФ (все выплаты в белую);Расширенный социальный пакет (ДМС через 6 мес.работы, 100 % оплачиваемый больничный);Возможность гибкого начала/окончания рабочего дня;Разнообразные программы обучения сотрудников;Возможности для повышения квалификации и сертификации;Дружный коллектив профессионалов. Удобный офис. Полный рабочий инструментарий. Кофе, чай;Шаговая доступность от метро - м. Динамо, м. Петровкий парк"
12208,12208,Москва,Ростелеком,,,Полная занятость,От 1 года до 3 лет,,,сервис-менеджер (иб - информационная безопасность),2020-10-05T09:19:44+0300,"Основные требования: Опыт работы не менее 5 лет в области информационной безопасности, либо опыт работы в аналогичной должности не менее 2-х лет;Знание процессов обеспечения и управления ИБ, а также понимание процессов управления ИТ в части оказания ИТ сервисов (методология ITIL/ITSM, сервисная модель, аутсорсинг, SLA, и т.п.);Знание принципов построения и функционирования системы ИБ;Понимание принципов работы современных средств защиты информации (межсетевые экраны, системы обнаружения атак, средства анализа защищенности, WAF, AntiDDoS, SIEM системы и т.д.);Знание основных векторов атак, уязвимостей и способов компрометации информации;Опыт формализации, разработки и документирования требований, рекомендаций, аналитических записок в части ИБ;Знание стандартов по ИБ (ГОСТ/ISO27ххх, ФСТЭК, ФСБ и т.п.).Высокая мотивация и интерес к работе в области ИБ.Ориентация на потребности клиента, хорошие организаторский способности. ",Полный день,"[{'name': 'Информационная безопасность'}, {'name': 'Информационные технологии'}, {'name': 'Средства криптографической защиты информации'}, {'name': 'Аудит безопасности'}, {'name': 'Организаторские навыки'}, {'name': 'СКЗИ'}, {'name': 'СЗИ'}]","Условия: Интересные задачи и профессиональная команда Центра Кибербезопасности и Защиты;Система бонусов по итогам работы за квартал и за год;ДМС, включая стоматологию и скидки для родственников;Корпоративная сотовая связь;Возможности карьерного роста и профессионального развития в различных направлениях ИБ;Свобода в выборе стиля одежды;Офис - м.Бутырская/м.ВДНХ."
12215,12215,Москва,Ингосстрах,,"Обязанности:  Организация эксплуатации средств защиты информации;  Администрирование и настройка средств защиты информации;  Оценка состояния средств защиты информации и формирование предложений по их замене (доработке, модернизации);  Организация предоставления доступа в информационные системы Компании;  Разработка рекомендаций и инструкций по выполнению требований информационной безопасности при настройке и эксплуатации средств защиты информации;  Согласование политик информационной безопасности, оценка возможности реализации их требований;  Выработка технических решений для выполнения требований Компании по информационной безопасности;  Организация работ по выбору средств защиты информации;  Организация обучения сотрудников по вопросам эксплуатации средств защиты информации;  Участие в анализе и реструктуризации бизнес-процессов;  Формирование тендерных требований, разработка Технических заданий, Технических проектов, Рабочей документации;  Выполнение других распоряжений непосредственного руководителя подразделения в пределах своей трудовой функции;  Соблюдение Правил внутреннего трудового распорядка и других локальных нормативных актов, действующих в Компании;  ",Полная занятость,От 1 года до 3 лет,,,администратор безопасности (безопасность *nix систем),2020-10-06T16:20:10+0300,"Требования:  Опыт администрирования *NIX - систем, обеспечения защиты и контроль безопасности;  Знание микросервисной архитектуры, контейнеризации и управления ей (Docker, Kubernetes), желание развиваться в области DevSecOps;  Знание требований законодательства, отечественных и международных стандартов по информационной безопасности;  Знание средств защиты информации и опыт их эксплуатации (Firewalls, IDS/IPS, WAF, DLP, SIEM, VAPT и т.п.);  Знание организации тестирования и проектирования информационных систем;  Умение самостоятельно формировать технические решения;  Освоение технической документации на английском языке.  ",Гибкий график,"[{'name': '*NIX'}, {'name': 'Linux'}, {'name': 'Unix'}, {'name': 'Docker'}, {'name': 'Kubernetes'}, {'name': 'DevSecOps'}, {'name': 'Firewalls'}, {'name': 'IDS/IPS'}, {'name': 'WAF'}, {'name': 'DLP'}, {'name': 'SIEM'}, {'name': 'VAPT'}]","Условия: График 5/2, гибкое начало дня;Ежеквартальные премии за личные результаты, деятельности подразделения и годовой бонус за результаты деятельности Компании;ДМС сразу после испытательного срока и расширенный пакет ДМС со стоматологией через 6 месяцев после прохождения срока испытания;Возможность совершенствовать себя в одном из лучших Корпоративных университетов для прокачки навыков + бесплатный корпоративный доступ к электронной библиотеке Альпина;Корпоративная сотовая связь;Льготные страховые продукты (страхование имущества, автотранспорта, ВЗР);Скидки на обучение в языковых школах Speak English и Skyeng – от 15 – 25%;Корпоративные предложения от сетей фитнес-клубов: WORLD CLASS, Зебра, X-fit;Скидки от партнеров на приобретение недвижимости, приобретение авто и многое другое;И активная корпоративная жизнь со спортивными секциями: бассейн, бег, волейбол, йога и др"
12799,12799,Москва,Ростелеком,,"Обязанности: Эксплуатация сетевых средств защиты информации (СЗИ), таких как Web Application Firewall, Next Generation Firewall, IPS, AntiDDOS;Диагностика, траблшутинг аварий на СЗИ и инцидентов ИБ;Ввод в эксплуатацию новых СЗИ;Участие в разработке мер, внесение предложений, направленных на повышение уровня информационной безопасности;Документирование и поддержание в актуальном состоянии документации связанной с вверенными сетевыми СЗИ. ",Полная занятость,От 1 года до 3 лет,,,эксперт по защите веб приложений / web app (иб - информационная безопасность),2020-09-26T10:28:47+0300,"Обязательные требования:  Не менее 2-х лет практического опыта работы в области информационной безопасности или сетевых технологий;  Опыт эксплуатации межсетевых экранов уровня приложений: F5, Imperva, PTAF, Radware, Fortinet.  Знание и понимание работы Web протоколов HTTP 1.1, HTTP 2.0, Websocket Опыт защиты веб приложений от атак из списка OWASP top 10  ",Полный день,"[{'name': 'Информационная безопасность'}, {'name': 'Средства криптографической защиты информации'}, {'name': 'Linux'}, {'name': 'Аудит безопасности'}, {'name': 'SQL'}]","Условия: Работа с профессионалами команды Центра Кибербезопасности и Защиты;Система бонусов по итогам работы за квартал и за год;ДМС, включая стоматологию и скидки для родственников;Корпоративная сотовая связь;Возможности карьерного роста и профессионального развития в различных направлениях ИБ;Свобода в выборе стиля одежды;Офис ст. м. Бутырская/ВДНХ"
13004,13004,Москва,ИНФОРМЗАЩИТА,"Вакансия рассчитана на молодых специалистов, студентов ВУЗов, обучающихся на последнем курсе по направлению ИБ или IT. ","Обязанности: Работа на первой линии технической поддержки;Принятие обращений Клиентов по почте и по телефонуДиспетчеризация запросов, поступивших от Клиентов;Своевременная регистрация заявок от Клиента;Мониторинг работоспособности СЗИ Клиента;Предоставление типовых консультаций по возникшим при эксплуатации системы вопросам;Уведомление Клиентов о сроках выполнения заявки, о мерах, принятых для решения проблем;Взаимодействие с другими подразделениями Компании.   ",Частичная занятость,Нет опыта,,40000.0,специалист технической поддержки (информационная безопасность),2020-10-14T12:31:48+0300,Требования: Знание ОС Microsoft Windows на уровне продвинутого пользователя;Знание основ информационной безопасности;Грамотная речь;Образование - высшее или неоконченное высшее (последние курсы) в области информационной безопасности.   ,Сменный график,[],"Условия: Интересная работа в компании-лидере рынка по информационной безопасностиОтличная возможность начать и построить карьеру в сфере ИБВозможность совмещать работу с учебой. Гибкий график - 7 дневных и 7 ночных смен в месяц.Комфортные условия: офис класса «А», много переговорных, дополнительные мониторы, ноутбукиВкусная еда: в бизнес-центре есть кафетерий с вкусными завтраками и обедами, а также свежесваренным кофе и выпечкойБесплатный чай/кофе в офисеЗоны для отдыха и общенияРасширенная программа ДМС, включающая стоматологию, 100% оплачиваемый больничныйДостойная «белая» зарплата (по результатам собеседования), бонусы по итогам годаПрофессиональное развитие: программы обучения сотрудников, возможности для повышения квалификации и сертификации, еженедельное внутреннее обучениеСкидки от компаний-партнеров (банки, фитнес, рестораны, языковые школы и многое другое)Минимальные ограничения по дресс-кодуШаговая доступность от метро в 5 минутах пешком от м. Динамо."
13375,13375,Москва,«Газпромбанк» (Акционерное общество),,"Обязанности:  Администрирование средств защиты (физические МСЭ Checkpoint, виртуальные МСЭ VMWare NSX, криптошлюзы, прокси-серверы, WAF, Anti-SPAM, DNS, Anti-DDoS)Проектирование архитектуры решения (с привлечением интегратора или самостоятельно)Тестирование, испытания, ввод в эксплуатациюОбеспечение бесперебойной работыЭксплуатация (предоставление сетевого доступа, траблшутинг)Модернизация (с привлечением интегратора или самостоятельно)Экспертиза по ИБ внедряемых систем в Банке в части обеспечения безопасности сетевого взаимодействияПроверка защищенности инфраструктурных и прикладных АС Банка (сканирование, тестирование на проникновение, редтиминг). ",Полная занятость,От 3 до 6 лет,,,главный эксперт (информационная безопасность),2020-10-15T16:07:45+0300,"Требования: Уверенные знания сетевых технологий, понимание стека протоколов TCP/IP, IPSec, прикладных протоколов (HTTP, FTP, SMTP, etc).Опыт администрирования ОС UNIX, в частности Debian.Опыт написания shell скриптов.Опыт в построении site-to-site и client-site VPN сетей по протоколу IPSec. - Уверенные знания технологии PKI, основ криптографии.Опыт администрирования средств виртуализации VMware vSphere версии 6 и выше. Дополнительные требования (предпочтительно, но не обязательно) - Опыт работы с оборудованием S-Terra.Опыт работы с Microsoft CA.Опыт работы с FW Checkpoint.Опыт работы с DFW VMWare NSX. - Опыт работы с инструментами Kali Linux. ",Полный день,"[{'name': 'Информационная безопасность'}, {'name': 'TCP/IP'}, {'name': 'Администрирование серверов Linux'}, {'name': 'Linux'}, {'name': 'Средства криптографической защиты информации'}, {'name': 'Checkpoint'}, {'name': 'WAF, Anti-SPAM, DNS, Anti-DDoS)'}]",Условия:  Полное соблюдение ТК РФ;  Достойный уровень вознаграждения;  ДМС со стоматологией с первого дня работы;  Отпуск 33 дня + материальная помощь к отпуску;  Современный офис Новочеремушкинская улица  
13505,13505,Москва,Ростелеком-Солар,,"Обязанности: Внедрение продукта Solar Dozor (проведение пуско-наладочных работ и приемо-сдаточных испытаний, сопровождение опытной эксплуатации, консультации/инструктажи технических специалистов заказчика, оказание 2й линии технической поддержки);Участие в предпродажной подготовке (сбор информации, консультации заказчиков, разработка спецификаций и технико-коммерческих предложений, выбор и сравнение технических решений, проведение демонстраций и пилотных внедрений);Развитие компетенций по продуктам ИБ (прохождение курсов, самообучение, развертывание стендов, написание отчетов по итогам стендовых испытаний, сдача сертификационных экзаменов);Развитие базы знаний по изученным продуктам, методикам внедрения и результатам работы проектных команд с точки зрения внедрения. ",Полная занятость,От 1 года до 3 лет,,,"инженер внедрения (информационная безопасность, сзи, linux)",2020-10-14T12:19:33+0300,"Требования: Высшее техническое образование;Опыт работы в IT сфере не менее 2-х лет;Навыки работы с ОС семейства Windows серверными и настольными версиями;Навык работы с ОС семейста Linux – обязательно;Приветствуется знание скриптовых языков (bash/python/powershell)Приветствуется понимание работы базовых сетевых протоколов (HTTP, SMTP и др)Готовность к командировкам ",Полный день,"[{'name': 'Linux'}, {'name': 'Bash'}, {'name': 'Информационная безопасность'}, {'name': 'Информационные технологии'}]","Условия: Оформление по ТК РФ + 10 day off в году;Конкурентоспособный уровень оплаты труда;ДМС по окончании испытательного срока;Возможность обучения за счет компании;Участие в проектах федерального масштаба;Дружелюбный коллектив профессионалов;Территориально – ст. м. Савеловская, БЦ «Вятка»."
14622,14622,Москва,Фокина Анастасия,"В молодую развивающуюся Компанию работающую в сфере защиты информации требуется инженер 1 категории. Интересная работа в современной и динамично развивающейся компании. График работы 5/2 с 10 до 19, с 9.00 до 18.00 Выплата заработной платы 2 раза в месяц Возможность профессионального роста. Оформление в соответствии с ТК РФ. Дружный коллектив. Офис г.Апрелевка. ","Обязанности: Участие в разработке и внедрении организационных и технических мер по обеспечению ИБ.<br />Установка и настройка средств защиты информации<br />Участие в проведении обследований и анализа информационных систем;<br />Участие в формировании требований к профильным подсистемам;<br />Участие в разработке политик ИБ, регламентов и инструкций;<br />Подготовка профильных частей эскизных, технических и рабочих проектов;<br />Участие во внедрении средств защиты. ",Полная занятость,От 3 до 6 лет,,,инженер (информационная безопасность),2020-09-18T18:17:43+0300,"Требования: Инженер 1 категории должен знать:<br />постановления, распоряжения, приказы, методические и нормативные материалы по вопросам, связанным с обеспечением технической защиты информации;<br />методы и средства получения, обработки и передачи информации, научно-техническую и другую специальную литературу по техническому обеспечению защиты информации;<br />технические средства защиты информации;<br />программно-математические средства защиты информации;<br />порядок оформления технической документации по защите информации;<br />каналы возможной утечки информации;<br />методы анализа и защиты информации;<br />организацию работ по защите информации;<br />инструкции по соблюдению режима проведения специальных работ;<br />отечественный и зарубежный опыт в области технической разведки и защиты информации;<br />специализацию лаборатории специальных работ, особенности ее деятельности;<br />методы и способы проведения специальных проверок;<br />методологию анализа данных и проведения вычислений по результатам специальных проверок",Полный день,"[{'name': 'Грамотная речь'}, {'name': 'Информационные технологии'}]",
14702,14702,Москва,"DataLine, Компания",,Обязанности: Pre-sale поддержка продаж продуктов ИБ;Помощь sales-менеджерам в продажах проектов по информационной безопасности;Проведение переговоров и встреч с клиентами с целью заключения сделки;Обеспечение роста продаж продуктов информационной безопасности;Обучение сотрудников продающих подразделений;Участие в создании новых сервисов ИБ. ,Полная занятость,От 1 года до 3 лет,,,ведущий менеджер по развитию бизнеса (информационная безопасность),2020-10-12T09:31:45+0300,"Требования: Знание 152-ФЗ на уровне, позволяющем предварительно установить УЗ, и составить перечень необходимых средств и мер защиты;Знание PCI DSS на уровне, позволяющем составить перечень необходимых мер и средств защиты.Успешный опыт работы в продажах в сфере продуктов информационной безопасности;Умение говорить с клиентом на одном языке, понимание &quot;болей&quot; клиентов;Активность, коммуникабельность, целеустремленность, высокая работоспособность и желание постоянно развивать свою квалификацию. ",Полный день,"[{'name': 'Активные продажи'}, {'name': 'Проведение презентаций'}, {'name': 'Информационные технологии'}, {'name': 'Информационная безопасность'}]",
15043,15043,Москва,Системный софт,"<em>Компания «Системный Софт», эксперт в мире программного обеспечения, официальный партнёр Autodesk, Adobe, ESET, ABBYY, Kaspersky, платиновый партнёр Corel и других ведущих производителей (более 1500) ищет в свою команду ",,Полная занятость,От 1 года до 3 лет,,120000.0,менеджер по развитию бизнеса (информационная безопасность),2020-10-13T13:08:43+0300,,Полный день,"[{'name': 'Проведение презентаций'}, {'name': 'Публичные выступления'}, {'name': 'Деловое общение'}, {'name': 'Работа в команде'}, {'name': 'Информационные технологии'}]",
15060,15060,Москва,ИНФОРМЗАЩИТА,,"Обязанности: Участие в переговорах с клиентами Компании с целью определения потребностей и выработки предложений.Формализация потребностей и требований Заказчика.Определение способов реализации необходимых мер защиты информации.Представление для клиентов информации по преимуществам тех или иных решений.Декомпозиция работ по проекту, постановка и контроль исполнения задач.Определение детальной структуры проекта, содержания технических и организационных решений, состава работ и документов, необходимых для решения задач Заказчика, их последовательности и взаимосвязиУчастие в подготовке коммерческих предложений и технических заданий на создание систем защиты информацииРазработка и документирование, совместно с привлеченными специалистами, организационных, технологических и технических решений, обеспечивающих реализацию требований к защите информации в информационных системах ЗаказчикаКонтроль исполнителей в рамках своих предметных областей; обеспечение взаимной увязки проектных решений, реализуемых на различных этапах комплексного проекта, с учетом достижения целей проекта и потребностей КлиентаКонтроль соответствия разрабатываемых решений и технической документации стандартам, техническим условиям и другим отраслевым или государственным нормативным документам, а также заданию на их разработкуВзаимодействие по техническим вопросам выполнения работ с представителями Заказчика и партнерами КомпанииВыработка предложений по применению в ходе проектных работ новых технологий ИБ, продуктов и решений, участие в их апробации, разработке описания услуг и решений, типовых коммерческих предложений и методик оказания услуг   ",Полная занятость,От 3 до 6 лет,,,главный архитектор проектов (информационная безопасность),2020-09-25T15:52:01+0300,"Требования: Образование – высшее профессиональное образование по специальности &quot;Информационная безопасность&quot; или высшее техническое образование с обязательным дополнительным образованием в области безопасности информации, компьютерных сетей, информационных технологий.Широкие знания технологий обеспечения информационной безопасности (идентификация и аутентификация, управление доступом, FW, VPN, IDS/IPS, Web-Security, PKI, SIEM, контроль целостности, управление обновлениями, анализ защищенности, антивирусная защита, другие).Состав, назначение и варианты применения программно-технических средств защиты, используемых в рамках реализации технологий ИБ.Способы выявления угроз безопасности информации и методы технической защиты информации от них.Знание российских руководящих документов в области информационной безопасности (законодательство РФ в области информационной безопасности, ФСТЭК, ФСБ и пр.).Глубокие знания методологии проектирования программно-технических систем ИБ и жизненного цикла создания систем защиты.Знания требований к документированию проектов (ГОСТ 34, РД 50) и опыт разработки проектной документации.Опыт работы – не менее 3-х лет в области проектирования комплексных систем безопасности информационной инфраструктурыАнглийский язык – чтение технической литературыИнициативность, умение работать на результатУмение быстро разобраться в новых решениях и продуктах <br />",Полный день,[],"Обязанности: Участие в переговорах с клиентами Компании с целью определения потребностей и выработки предложений.Формализация потребностей и требований Заказчика.Определение способов реализации необходимых мер защиты информации.Представление для клиентов информации по преимуществам тех или иных решений.Декомпозиция работ по проекту, постановка и контроль исполнения задач.Определение детальной структуры проекта, содержания технических и организационных решений, состава работ и документов, необходимых для решения задач Заказчика, их последовательности и взаимосвязиУчастие в подготовке коммерческих предложений и технических заданий на создание систем защиты информацииРазработка и документирование, совместно с привлеченными специалистами, организационных, технологических и технических решений, обеспечивающих реализацию требований к защите информации в информационных системах ЗаказчикаКонтроль исполнителей в рамках своих предметных областей; обеспечение взаимной увязки проектных решений, реализуемых на различных этапах комплексного проекта, с учетом достижения целей проекта и потребностей КлиентаКонтроль соответствия разрабатываемых решений и технической документации стандартам, техническим условиям и другим отраслевым или государственным нормативным документам, а также заданию на их разработкуВзаимодействие по техническим вопросам выполнения работ с представителями Заказчика и партнерами КомпанииВыработка предложений по применению в ходе проектных работ новых технологий ИБ, продуктов и решений, участие в их апробации, разработке описания услуг и решений, типовых коммерческих предложений и методик оказания услуг   "
15323,15323,Москва,Ростелеком-Солар,,,Полная занятость,От 1 года до 3 лет,,,ведущий инженер-проектировщик (сетевая безопасность),2020-09-28T10:10:07+0300,,Полный день,[],
16131,16131,Москва,Тайгер Оптикс,,"Обязанности: Поддержка продуктов сетевой и кибербезопасности. Основной вендор – Palo Alto Networks, а также Tenable, Illusive Networks, Anomali и др.Техническая поддержка заказчиков и партнёров, в том числе консультирование по функционалу, диагностика и устранение проблем, помощь при внедрении, настройке и эксплуатации и пр.Индивидуальное сопровождение крупнейших заказчиков в паре с менеджером по работе с заказчикамиКонсультирование, брифинги и обучение по существующим и новым функциями продуктов для заказчиков, партнеров и сотрудниковСтрогое следование SLA и методике оказания поддержкиПоддержка офисных ИТ-системПомощь пресейл-инженерамПоддержание глубоких знаний, актуальных навыков и сертификаций по поддерживаемым технологиям, непрерывное обучение, саморазвитие ",Полная занятость,Нет опыта,,,младший инженер технической поддержки (сетевая и кибербезопасность),2020-10-14T16:30:00+0300,"Требования:  Желание учиться, узнавать новое и совершенствовать свои знанияТехнический английский язык (общение с вендорами на технические темы письменно, по телефону и лично, чтение документации)Грамотный русский языкЗнания основ сетевых технологий и/или кибербезопасности на уровне CCNA или Cisco Certified Technician (CCT)Желательны базовые сертификаты (CCENT, CCNA, JNCIA или аналоги)Активность, инициативность и самомотивация (опыт участия в студенческих, технических или других профессиональных организациях и мероприятиях, внешних активностях, олимпиадах, проектах, грантах и т.п.) ",Полный день,"[{'name': 'Cisco'}, {'name': 'Информационные технологии'}, {'name': 'Администрирование сетевого оборудования'}, {'name': 'Linux'}, {'name': 'Техническая поддержка'}, {'name': 'Настройка сетевых подключений'}, {'name': 'Английский язык'}, {'name': 'Административная поддержка иностранного сотрудника'}, {'name': 'CCNA'}, {'name': 'CCT'}, {'name': 'CCENT'}, {'name': 'TCP/IP'}, {'name': 'junior'}, {'name': 'CCNP'}]",
17017,17017,,ИНФОРМЗАЩИТА,  ,Основные обязанности: Продажа комплексных услуг по ИБ;Развитие существующих клиентов (B2B/ B2G);Выполнение плана продаж;Развитие новых клиентов;Продвижение услуг Компании у клиентов;Прогнозирование продаж;Поддержание в актуальном состоянии клиентской базы;Разработка и реализация программ повышения лояльности ключевых клиентов.   ,Полная занятость,От 1 года до 3 лет,,,аккаунт-менеджер/ кам (информационная безопасность),2020-09-25T15:52:01+0300,"Требования: Успешный опыт личных продаж ИБ-проектов, опыт работы в системной интеграции - обязательно!Навыки проведения переговоров на уровне принятия решений;Образование высшее техническое или экономическое;Ответственность, способность самостоятельно принимать решения, инициативность;Умение устанавливать и поддерживать деловые контакты.   ",Полный день,[],"Условия: Интересная работа в компании-лидере рынка по информационной безопасностиКомфортные условия: офис класса «А», просторные опенспейсы, много переговорных, дополнительные мониторы, ноутбукиВкусная еда: в бизнес-центре есть кафетерий с вкусными завтраками и обедами, а также свежесваренным кофе и выпечкойБесплатный чай/кофе в офисеЗоны для отдыха и общенияРасширенная программа ДМС, включающая стоматологию, 100% оплачиваемый больничныйДостойная «белая» зарплата (по результатам собеседования), бонусы по итогам годаПрофессиональное развитие: программы обучения сотрудников, возможности для повышения квалификации и сертификации, еженедельное внутреннее обучениеСкидки от компаний-партнеров (банки, фитнес, рестораны, языковые школы и многое другое)Гибкое начало и окончание рабочего дня, минимальные ограничения по дресс-кодуВозможность удаленной работы при необходимостиШаговая доступность от метро в 5 минутах пешком от м. Динамо.Для тех, кто предпочитает добираться на работу на машине - многоуровневая подземная парковка."
17222,17222,Москва,Юстас,,"Обязанности: Оказание услуг 2-ой линии технической поддержки в сегменте информационной безопасности (приём и обработка заявок, анализ проблем, изучение логов, взаимодействие с разработчиком, поиск вариантов решений). ",Полная занятость,Нет опыта,60000.0,30000.0,инженер технической поддержки (информационная безопасность),2020-10-14T13:52:09+0300,"Требования: - Теория взаимодействия сетевого оборудования, построения коммуникационных сетей, принципов обеспечения криптографической защиты информации;<br />- Знание и понимание основных принципов обеспечения ИБ серверов и рабочих станций с операционными системами семейства Windows;<br />- Знание и понимание принципов работы доменной инфраструктуры на основе продуктов семейства Windows (AD, DNS, DHCP); ",Полный день,"[{'name': 'Kaspersky Labs'}, {'name': 'НСД ""SecretNet""'}, {'name': 'АПКШ ""Континент""'}, {'name': 'УЦ VipNet'}, {'name': 'Средства криптографической защиты информации'}, {'name': 'VipNet hw'}]","Условия: - Трудоустройство по ТК РФ;<br />- Проектная деятельность по ИБ и ИТ направлениям, возможность самореализации и роста в будущем;<br />- Рабочий день с понедельника по пятницу с 9.00 до 18.00.<br />- Работы в вечернее время / выходные / в командировках оплачиваются дополнительно."
